{
  "arithmetic_return": 94.3973941162892,
  "logarithmic_return": -86.98763070651717,
  "average_daily_return": 0.1761145412617336,
  "daily_return_variance": 2.77196166086197,
  "daily_return_variance_log": 2.7284638400956402,
  "time_weighted_return": -0.00010912686113606629,
  "total_return": -5.681722226563397,
  "sharp_ratio": 0.0026776900260706174,
  "value_at_risk": -2.565597403366702,
  "volatility": 38.54570598940972,
  "portfolio": 943.182777734366,
  "portfolio_market_delta": -641.967246265634
}