{
  "arithmetic_return": 98.60027381080826,
  "logarithmic_return": -91.43558186254391,
  "average_daily_return": 0.18395573472165722,
  "daily_return_variance": 2.678585260236778,
  "daily_return_variance_log": 2.6335315636383463,
  "time_weighted_return": -0.00028407608325597966,
  "total_return": -14.12577086787053,
  "sharp_ratio": -0.007324931121029337,
  "value_at_risk": -2.5111819203433767,
  "volatility": 37.89091843023751,
  "portfolio": 858.7422913212947,
  "portfolio_market_delta": -726.4077326787053
}