{
  "arithmetic_return": 87.93508565349177,
  "logarithmic_return": -79.74770316355745,
  "average_daily_return": 0.16405799562218615,
  "daily_return_variance": 3.0459317396400922,
  "daily_return_variance_log": 3.034471960719241,
  "time_weighted_return": 0.00011380580901643178,
  "total_return": 6.2895133275268105,
  "sharp_ratio": 0.01533215717084157,
  "value_at_risk": -2.7099521552320347,
  "volatility": 40.40568539756614,
  "portfolio": 1062.895133275268,
  "portfolio_market_delta": -522.2548907247319
}