{
  "arithmetic_return": 87.16838397558323,
  "logarithmic_return": -81.04936579540893,
  "average_daily_return": 0.16262758204399855,
  "daily_return_variance": 2.2857763154889224,
  "daily_return_variance_log": 2.253249017648692,
  "time_weighted_return": -0.0007308259953531238,
  "total_return": -32.42052976865612,
  "sharp_ratio": -0.03740219942396685,
  "value_at_risk": -2.327061292878228,
  "volatility": 35.00251569676189,
  "portfolio": 675.7947023134388,
  "portfolio_market_delta": -909.3553216865612
}